Firm Name,Address,Representative,Phone,Email,Website
East Consult (P) Ltd.,"House No. 4585/34, Ward No. 15, Lalitpur Metropolitan City, Ring Road North, Satdobato, Deepawali Marga Tole",Er. Sagar Onta,"01-4422191, 01-4442412",info@eastconsult.com.np,www.eastconsult.com.np
Nepalconsult (P) Ltd.,"GPO Box 492, 10/47 Chamling Niwas, Kupondol, Lalitpur, Nepalhttps://maps.app.goo.gl/sgsDtsJA9Yty4bzY6",Er. Prakash Rudra Shrestha,"01-5420153, 01-5180170",nc@mos.com.np,www.nepalconsult.com.np
MULTI Disciplinary Consultants (P) Ltd.,"Kupondole-10, Lalitpur, Kathmandu, NepalPost Box no. 5720",Er. Badan Lal Nyachhyon,"01-5010676, 01-5429304,01-5423103",mdc.multinepal@gmail.com,www.multinepalfirst.com
Architects Collaborate (Nepal) (P) Ltd.,"Khumaltar, Lalitpur, NepalGPO Box: 1513",Ar. Rajesh Thapa,01-5526315,rtacnepal@gmail.com,N/A
SILT Consultants (P) Ltd.,"217, Lalupate Marg, Hattisar",Apurba Bhattarai,977-1-4525788,info@silt.com.np,www.silt.com.np
Building Design Authority (P) Ltd.,"Osho Bhawan, Kamaladi, Kathmandu, NepalP.O. Box 2882",Er. Anil Kumar Nepal,"01-5347706, 01-5348200, 01-5347939",bdapvtltd@gmail.com,www.bda.com.np
CEMAT Consultants (P) Ltd.,"Hattisar, Kathmandu, NepalP.O. Box 3953",Er. Rajesh Kumar Shrestha,"01-4434895, 01-4434400","cemat@cemat.com.np, cemat2033@gmail.com",www.cemat.com.np
ITECO Nepal (P) Ltd.,"96 Shri Panchakanya Marga, Min Bhawan, P.O. Box 2147, Kathmandu Metropolis-31",Er. Tuk Lal Adhikari,977-1-4106776 (Hunting Line),iteco@mos.com.np,www.iteconepal.com
BDAnepal (P) Ltd.,"Pragati Marga-1, Bishalnagar – 5, Kathmandu, Nepal",Er. Jagadiswar Nath Shrestha,"01-4540364, 01-4536842",bdanep@gmail.com,www bdanep.com.np
GEOCE Consultants (P) Ltd.,"Thadodhunga Marg, Jhamsikhel, Lalitpur, NepalGPO Box 4266",Er. Subarna Bahadur Joshi,"01-5421175, 01-5445542",info@geoceconsultants.com,www.geoceconsultants.com
Technical Interface (TI),"147/65 Ga, Chaksibari Marga, Chhetrapati, Kathmandu, Nepal",Ar. Bibhuti Man Singh,5322408,bibhutiman@gmail.com,www.tecinternp.com
Sub Structural Consult (P) Ltd.,"Ratopul, Gaushala, Kathmandu, NepalP.O. Box 2734",Er. Keshav Kunwar,01-1-4460971,ssconsult1987@gmail.com,ssconsult.org.np
TAEC Consult (P) Ltd.,"GPO Box 2519, Bidhyapati Marg, Ganesh Marga, Sankhamul, Kathmandu, Nepal",Mr. Gyanendra Bhattrai,"5242940, 01-5242846",taec@mos.com.np,www.taecconsult.com
MEH Consultants (P) Ltd.,"960/32 Devkota Sadak, Mid-Baneshwor, Kathmandu, NepalGPO Box: 4036",Er. Govinda Man Tamrakar,01-4477634 / 01-4498783,meh@mehconsultants.com,www.mehconsultants.com
CMS Engineering Consult (P) Ltd.,"126 Green House, Bhadrabinayak Marg, Thapagaun, Naya Baneshwor, Kathmandu-10, NepalGPO Box 10872",Dr. Er. Sudeep Adhikari,01-5244139,cms@cmsnepal.org.np,
Joshi Associates,"GP Box 190759 Kamaladi, Kathmandu, Nepal",Er. Tirtha Bdr. Joshi,4435861 01-426394301-4241969,joshiassociates@gmail.com,N/A
Group of Engineers’ Consortium (P) Ltd.,"PO Box #19177, Kathmandu-32, Koteshwor",Er. Santosh Kunwar,"01-5915628, 9801811787",groupofengineers.gec@gmail.com,www.gec.com.np
Soil Test (P) Ltd.,"PO Box 2967, Sukedhara, Kathmandu, Nepal",Er. Mandakini Karki,"01-4374743, 01-4373625",support@soiltest.com.np,www.soiltest.com.np
Full Bright Consultancy (P) Ltd.,"316 Baburam Acharya Sadak, Sinamangal, Kathmandu-09, NepalGPO Box 4970",Er. Thakur P Sharma,+977-1-4568749;4568118,fbc@mos.com.np,www.fbc.com.np
MRB & Associates (P) Ltd.,"27/19 Seto Dhoka Marg, Jamal, Kathmandu, NepalP.O.Box 2669",Er. Manohar Rajbhandari,01-4243532,mrb.nassociates@gmail.com,www.mrb.com.np
Shah Consult International (P) Ltd.,"282 Jaycees Marg, Thapathali, Kathmandu, NepalP.O.Box 3840",Dr. Er. Sanjiv Shah,"01 5315046, 5332248",info@shahconsult.com,www.shahconsult.com
SIDEF Consultants (P) Ltd.,"SIDeF House, 77 Tara Marga, Sinamangal, Kathmandu, NepalP. O. Box. 1208",Dr. Er. Hare Ram Shrestha,01-4581538,sidef@mail.com.np,www.sidef.com.np
Environment and Resource Management Consultant (ERMC) (P) Ltd.,"Puja Pratisthan Marga, Mid Baneshwor, Kathmandu, Nepal",Er. Uddab Raj Chaulagain,"01-4583064, 4565863","ermc@ermcnepal.com, info@ermcnepal.com",www.ermcnepal.com
Innovative Createers (P) Ltd.,"1125/51(5), Thirbam Sadak, Maharajgunj, Kathmandu, NepalP.O. Box 12288",Ar. Ujjwal Man Shakya,"01-4514537, 01-4526539",createers@mos.com.np,www.createers.com.np
Shah Associates (P) Ltd.,"302 Tanka Prasad Marga, Old Baneswore Height, Ward Number 10, Kathmandu, NepalGPO Box 12141",Ar. Ranjan Singh Shah,"01-4481442, 01-4471248,01-4497643",ranjan.sassociates@gmail.com,www.hightechnepal.com
North Star Engineering Consultant (P) Ltd.,"Madhu Marga, Chakupat, Lalitpur",Er. Shrawan Kumar Thapa,01-5435662,nsec.consultant@gmail.com,www.northstarnepal.com
K.D. Associates (P) Ltd.,"Amrit Marg, Jyatha, Kathmandu, Nepal",Er. Kul Deep Ratna Tuladhar,4215340,kdapl@yahoo.com,www.hurarah.com.np
GENESIS Consultancy (P) Ltd.,"House # 261/91-25 Shree Marga, Shree Durbar Tole, Ward 3 Pulchowk, Lalitpur Metropolitan CityPO Box 8975 EPC 1220",Er. Shree Da Ram Prajapati,01-5552622,genesis.geoinfo@gmail.com,www.genesis.com.np
Project Engineering Consultancy And Research (P) Ltd. (PRECAR),"Devkota Sadak, Mid-Baneshwor, Kathmandu, Nepal",Er Shekhar Nath Chapagain,01-4565084,precar2005@gmail.com,www.precarnepal.org.np
Tech Studio of Engineering (P) Ltd. (TSE),"Bisalnagar, Kathmandu, Nepal",Er. Sanjeev Regmi,01-4433828,info@tse.com.np,www.tse.com.np
I. C. G. S. (P) Ltd.,"96 Shri Panchakanya Marga, Min Bhawan, P.O. Box 2147, Kathmandu Metropolis-31",Prof. Dr. Vishnu Dangol,01-4106912,icgs_1997@yahoo.com,www.icgs.com.np
Hydro Trans (P) Ltd.,"Sukedhara, Kathmandu, NepalPo. Box. 2967",Er. Binod Bharati,5553126,,N/A
East West Engineering Service (P) Ltd. (EWES),"Bansbari, Kathmandu-3, NepalPo. Box. 8621",Er. Hari Bhakta Gurung,01-4373316,info@ewesnepal.com,www.ewesnepal.com
MULTI Lab (P) Ltd.,"Lalitpur, NepalPo.b. 5720",Er. Murali Narayan Deo,01-5448900,multilab900@gmail.com,www.multinepal.com/multilab
Total Management Services (P) Ltd. [TMS],"Lalupate Marg-1, Kamalpokhari, Kathmandu, NepalG.P.O Box: 888",Mr. Prajol Lal Shrestha,977-01-5439182,info@tms.com.np,www.tms.com.np
Everest Engineering Consultant (P) Ltd.,"Om Sai Marga, Baneshwor, NepalP.O Box 19103",Er. Krishna Dev Yadhav,4481449,everest_consultant@yahoo.com,N/A
Fuji International Design Associates (FIDA),"Kupondole-10, Lalitpur, Nepal",Er. Krishna Singh Basnet,01-5535190,fidanepal@yahoo.com,www.facebook.com/fidanepal
Design Consultants (P) Ltd.,"Kupondole Ward no 10, Lalitpur Municipality",Er. Shakti Man Dangol,01-5180334,shakti@dconsult.com.np,www.dconsult.com.np
SITARA Consult (P) Ltd.,"Patan Dhoka, Lalitpur, NepalP.O. Box: 2458, Sundhara, Kathmandu",Er. Ashaya Ojha,01-5549045,sitaraconsult.np@gmail.com,www.sitaraconsult.com.np
AVIYAAN Consulting (P) Ltd.,"254 Ekata Marga, New Baneshwor, Kathmandu -31, NepalPO Box No:86",Er. Prashant Malla,"01-4104319, 01- 4104307",info@aviyaan.com,www.aviyaan.com
Material Test (P) Ltd.,"Mid-Baneshwor, Kathmandu, Nepal",Er. Madhukar Karki,01-4586092,"mtest2063@gmail.com, matecon.lab@gmail.com",www.materialtest.com.np
Clean Development Consult (P) Ltd. (CDC),"Babarmahal, Kathmandu, NepalP.O. Box 4542",Er. Sudeep Hada,01-4240295,cleandevelopmentconsult@gmail.com,N/A
Inclusive Consultants (P) Ltd.,"Sitapaila, Kathmandu, Nepal",Mr. Anil Neupane,4034880,inclusive.consultants@gmail.com,www.inclusive.consultants.com.np
Rural Infrastructure Developers Consultants (P) Ltd.,"Buddhanagar, Kathmandu, Nepal",Mr. Jagat Ranabhat,4781740,ridc2006@gmail.com,www.ridc.com.np
Civil Informatics And Solutions (P) Ltd. (CIAS),"Chakupat, Lalitpur Sub-metropolitancity. W.N-11, Lalitpur, Nepal",Er. Sanjeeb Kumar Jha,01-5260314,info@cias.com.np,www.cias.com.np
Engineering Consultancy for Constructive Development Efforts in Nepal (P) Ltd.[ECoCoDE Nepal (P) Ltd.],"Sanepa, Lalitpur, NepalGPO Box 8973 NPC 279",Er. Kumar Dhamala,977-1-5919016,ecocodenepal@ntc.net.np,www.ecocodenepal.com
Alliance Consults (P) Ltd.,"Shantinagar, Kathmandu, Nepal",Er. Awash Ghimire,4107768,awash229@gmail.com,www.allianceconsults.com
SERC Consulting Engineers (P) Ltd.,"Kalikasthan-29, KathmanduP.O.Box No 10168",Er. Krishna GC,9851137673,serc2046@gmail.com,N/A
Engineering & Planning Solution Consultancy (P) Ltd.,"Mahalaxmi -1, Imadol, Lalitpur, Nepal",Er. Ranjit Lalchan,01-5201784,info@epsconsultant.com.np,www.epsconsultant.com.np
Grid Nepal Design Associates (P) Ltd.,"Sangam basti, House No. 216, Dhobighat-03, Lalitpur, Nepal",Er. Sanjay Adhikari,01-5188484,"gridnepal_design@yahoo.com, gridnepaldesign2018@gmail.com",N/A
Unique Engineering Consultancy (P) Ltd.,"Jwagal-10, Kupondol, LalitpurP.O Box 5568",Er. Umesh Prasad Chaudhari,015449332,"unecnepal@gmail.com,",www.unecnepal.com.np
Paragon Engineering Consultancy and Research Centre (P) Ltd.,"Bakhundole, Lalitpur, NepalPO Box: 19605",Er. Narayan Hari Rijal,01-5430600,info@paragon.com.np,www.paragon.com.np
Digicon Engineering Consult (P) Ltd.,"Sanepa, Lalitpur, NepalP.O. Box No.: 8505",Er. Ram Udar Yadav,01-5454028,digicondoc@gmail.com,www.facebook.com/digicon.com.np
RIBS Engineering Consult,"House No.-80/40 Durga Devi Marga-50488 (Kopon Marg) Maharjgunj, Kathmandu, Nepal",Er. Sunil Kumar Jha,01-4370965,ribsengineeringconsult@gmail.com,N/A
Project Engineering and Environmental Studies (PEES) Consultant (P) Ltd.,"Koteshwor-32, Kathmandu, Nepal",Er. Habendra Prasad Dev,01-5242396,peesconsult@gmail.com,www.pees.com.np
IPTM Nepal (P) Ltd.,"Thapathali, Kathmandu",Er. Nishesh Shakya,01-4469808,iptmnepal@gmail.com,www.iptmnepal.com
Rajdevi Engineering Consultant (P) Ltd.,"New Baneshwor, Kathmandu, Nepal",Er. Bishal Dev,5242043,info@rajdevi.com.np,www.rajdevi.com.np
PACE Consultant (P) Ltd.,"Narayan Gopal Chowk, Maharajgunj, Kathmandu, NepalG.P.O. Box 8975, EPC: 5453",Er. Bishnu Prasad Khanal,"01-4720718, 01-4720565","paceconsultant@gmail.com, info@pacenp.com",www.pace.com.np
Grid Consult (P) Ltd.,"Binayak Marga-10, Baneshwor, Kathmandu, Nepal",Ar. Aruna Tandukar,01- 4771633,gridconsult.consult@gmail.com,www.facebook.com/gridconsult
Socio Technical Management Services (P) Ltd. (STMS),"House number: 569/37, Rashtra-pati Marg, Bagdole-4, Lalitpur, Kathmandu, NepalPB. NO. 8975 EPC 1933",Er. Ramesh Chandra Jha,01-5190292,stmspvtltd@gmail.com,g.co/kgs/93btWU
Civil Engineering Research and Consultancy (P) Ltd. (CERC),"Kupondole-10, Lalitpur, NepalP.O Box: 9748",Er. Rupak Bastola,01-5428787,cercpvtltd@gmail.com,
A. Not Architecture N. Architects (P) Ltd.,"Lalitpur Metropolitan City, Talchhikhel, Satdobato, Lalitpur, Nepal",Ar. Damodar Acharya,"01-5526061, 01-5524998",anotarchitect@gmail.com,www.anotarchitects.com
Birat Infrastructure Development (P) Ltd.,"Sai Marg, Ward 3 Lalitpur, Nepal",Er. Subhash Gachhadar,5522953,info@biratinfradev.com,www.biratinfradev.com
Executive Consulting Engineering and Planner (P) Ltd. (ECEP),"Lazimpat, Kathmandu, Nepal",Er. Laxman K.C.,01-4424915,laxmankc2000@gmail.com,www.executivecep.com
Shrestha Consultant (P) Ltd.,"Kusunti, Lalitpur Metropolitan City, Ward no. 13",Er. Indra Lal Shrestha,01-5432305,"shrestha_consultant@hotmail.com, indra@shresthaconsultant.com.np",www.shresthaconsultant.com.np
D K Consult (P) Ltd.,"141 MinBhawan, Kathmandu",Dr. Er. Krishna P Dulal,4115206,kpdulal@gmail.com,www.dkconsult.com.np
Pumori Engineering Services (P) Ltd.,"Basanta Marg-351, Jyotishree Building, Babarmahal, KMC-11, Nepal",Er. Sabin Khadka,"4216034, 4239983",,www.pumorigroup.com
SLATE Consultants (P) Ltd.,"Jwagal, Lalitpur, Nepal",Er. Kamal Karki,01-5261104,slateconsult@gmail.com,www.slatenepal.com/
Extreme Engineering Solutions (P) Ltd,"Kupondole-1, Lalitpur, Nepal",Er. Manas Karki,"5180391, 5523677",extreme.engg.solns@gmail.com,www.exesnepal.com.np
Machhapuchhre Consultancy (P) Ltd.,"#192 BP Marg/ Newroad, Pokhara Metropolis-9 Kaski District Gandaki Province, Nepal",Ar. Baburam Baral,0977-61-571622,"maconpokhara@gmail.com, barabr45@gmail.com",www.maconpokhara.business.site
Homeland Engineering Consultancy (P) Ltd.,"G.P.O. Box 8975 EPC 1337, Kathmandu, Nepal",Er. Govinda Dev Adhikari,4232034,homeland.engg.consultancy@gmail.com,homelandengineering.com.np
Prime Engineering & Management (P) Ltd.,"Bharatpur Metropolitan City Ward No.-7, Krishnapur, Chitwan, Nepal",Er. Shalik Ram Paudel,9845123456,prime.econsult@gmail.com,N/A
PLUSH Engineers and Architects (P) Ltd.,"Baneshwor, KathmanduP.O. Box 5965",Er. Indra Kumar Paudyal,01-4105072,plushpvtltd@gmail.com,N/A
MEH Geo-Engineering Services (P) Ltd.,"Lalitpur Ward No. 22, Nepal",Er. Bijendra Bade Shrestha,"5261538, 5261539",mehgeoengineering@gmail.com,N/A
Sakhuwa Engineering Consultancy (P) Ltd.,"Imadole-6, Lalitpur, Nepal",Er. Ranjit Kumar Shah,01-5202473,sakhuwaengineering@gmail.com,www.sakhuwaengineering.com.np
CADS Consultancy & Hydro-Research (P) Ltd.,"Kandevtasthan, Kupondole, Lalitpur",Er. Sujan Tripathi,01-5545786,cads_hydro@live.com,www.cads.com.np
SAP Water and Energy Developers’ (P) Ltd. (SAP),"Mid-Baneshwor, Kathmandu, Nepal",Er. Rajan Raj Pandey,01-4579537,sapwaterandenergy@gmail.com,N/A
Green Planet Engineer’s Associate (P) Ltd.,"Kutubahal, Chabahil-7, Kathmandu, Nepal",Er. Bishnu Prasad Koju,01-4568885,greenplanet.aso@gmail.com,N/A
Guidance Engineering Consult & Research (P) Ltd.,"Satungal, Kathmandu, Nepal",Er. Gajendra Prasad Thapaliya,5108063,guidanceengineering@yahoo.com,N/A
“create acme associates” [ACME Group Co.],"GPO 1344, Bakhundole, Lalitpur, Kathmandu, Nepal",Er. Ritesh Amatya,01- 5452413 / 5010513,info@acmenepal.com,www.acmenepal.com
GeoCom International (P) Ltd.,"Dhobighat-04, Lalitpur, Nepal",Er. Rabi Bhushan Jha,"01-5153049, 01-5153054",geocomnc@gmail.com,www.geocomintl.com
Vastumandap Consultancy (P) Ltd.,"16 Nayabazar, KMC Kathmandu, Nepal",Er. Umesh Silwal,01-4353458,vastu123@gmail.com,
Rural Infrastructure Development and Research Consultant Nepal (RIDARC Nepal),"G.P.O. Box No. 4470-14, Bhaisepati, Karyabinayak, Municipality-01, Lalitpur, Nepal",Er. Hem Raj Shahi,5593065,ridarcnp@gmail.com,www.ridarcnepal.com.np
Bonafide Engineering Consultancy (P) Ltd.,"Sanepa, Lalitpur, Nepal",Er. Anil Manandhar,01-5403222,bonafideengineering@gmail.com,www.bonafide.com.np/
Radiant Consulting Consortium (P) Ltd.,"Chakupat, Lalitpur, Nepal",Er. Sujit Shrestha,01-5260410,radiant.cc@hotmail.com,N/A
Naya Rastriya Engineering Consultancy (P) Ltd.,"Khumaltar, Lalitpur, Nepal",Er. Sikindar Kumar Chaudhary,01-5151259,nrecgroup@gmail.com,www.nrecgroup.org
Technocrat Consultancy (P) Ltd.,"Prayag marg chowk, Shantinagar, Kathmandu",Er. Manish Karn,01-4620197,technocrat2057@gmail.com,N/A
National Synergy Engineering Solutions Pvt Ltd.,"Shankhamul, Kathmandu, Nepal",Er. Rabin Kumar Dahal,4782601,nationalsess@gmail.com,N/A
Wekreate International (P) Ltd.,"Sinamangal Ward No. 9 KTM, Nepal",Mr. Bishwa Raj Panday,4487528,business@weki.com.np,www.weki.com.np
Three Dots Architects (P) Ltd.,"Jawalakhel, Lalitpur-20, Nepal",Ar. Sandip Puri,01-5520823,3dotsarchitects@gmail.com,www.3dotsarchitects.com.np
One Line Architects (P) Ltd.,"Jawalakhel, LMC-4, Lalitpur, Nepal",Ar. Rakesh Maharjan,9851223595,onelinearchitects@gmail.com,onelinearchitects.business.site/
Innovation Engineering Associates (P) Ltd.,"KMC-16, Nayabazar, Kathmandu, Nepal",Er. Sushil Dawadi,01-4989802,innovation073@gmail.com,www.facebook.com/IEA073
Research for National Development Centre (P) Ltd. (RND Centre),"Kupondole-01, Lalitpur, Nepal",Er. Radha Krishna Mallik,01-5455866,rndc.np@gmail.com,www.rndcentre.com
Abhiyantra Consulting (P) Ltd.,"New-Baneshwor, Kathmandu, NepalPO Box. No. 25752",Er. Hitesh Raj Pant,014249480,abhiyantra2012@gmail.com,www.swat.abhiyantra.com.np/
Resilience Construction And Development (P) Ltd.,"Baneshwor-10, Kathmandu, Nepal",Er. Naresh Nidal,9849628876,rcadnepal@gmail.com,www.facebook.com/rcadians
ArEiCon (P) Ltd.,"Jwagal Chowk -10, Kupondole, Lalitpur",Ar. Gopal Bahadur Kunwar,"01-5424457, 01-5551150","areiconsatelier@gmail.com, Projects.areicon@gmail.com","Www.areicon.com, Www.areicon.com.np, Instagram.com/areicondesign"
B.N. Consultancy (P) Ltd.,"Baneshwor, Kathmandu",Er. Laxman Acharya,01-4105071,bnconsultancy@gmail.com,N/A
Rural Infrastructure & Management Consultant (RIMC) (P) Ltd,"Koteshwor, Kathmandu, Nepal",Mr. Bharat Timsina,"977-01-4600734, 4600735,01-5147278, 01-5147299",rimc.consultant@gmail.com,"www.rimcnepal.com, www.rimc.com.np"
Creative Design Architects (P) Ltd,"Kupondole-1, Lalitpur, Nepal",Ar. Sher Bahadur Chhetri,5545293,sher_kc@yahoo.com,www.ceda-nepal.com
Group of Researcher and National Developers Consult (P) Ltd. (GRAND Consult (P) Ltd.),"Basanta Marga, Babarmahal, Kathmandu, Nepal",Er. Lila Nath Nepal,"01-5324998, 01-5324141",grandconsultants@gmail.com,N/A
Designers Pavilion (P) Ltd.,"Thamel, Kathmandu, Nepal",Ar. Poshan Thapa,4420736,designerspvln@gmail.com,N/A
Harmonic Engineering (P) Ltd.,"Buddhanagar, Kathmandu, Nepal",Er. Raman Shrestha,9852029669,info.harmonicengineering@gmail.com,N/A
MMJ_RR’s Vastu and Engineering Consultancy,"Pokhara, Nepal",Er. Rajendra Ligal,61528959,vrligal@gmail.com,www.vaastu.com.np
Earthquake Safety Solutions,"Sainbu, Bhaisepati, Lalitpur Metropolitan City-25, Nepal",Er. Dev Kumar Maharjan,01-5590664,ess@eqsafety.com.np,www.eqsafety.com.np
Innovative Engineering Services (P) Ltd.,"Lalitpur Metropolitan City-11, Jwagal, Lalitpur",Er. Hari Krishna Dawadi,01-5261774/ 776,info@ies.com.np,www.ies.com.np
Pertinent Engineering Consultancy (P) Ltd.,"Jwagal, Lalitpur, Nepal",Er. Dipendra Kumar Jha,15906786,pertinentnepal@gmail.com,www.pertinentnepal.com
Subway Nepal Engineering Consultant P. Ltd. (SWEC),"Lalitpur -10, Jwagal, Lalitpur",Er. Anand Kumar Jha,9841360414,subwaynepal@gmail.com,N/A
Infrastructure Engineering Research & Consult (P) Ltd. (IERC),"Nagarjun – 1, Rani Ban",Er. Surendra Katwal,01-5103011,consult@ierc.com.np,www.ierc.com.np
Engineers Revisited Consult (P) Ltd,"Lalitpur-10, Nepal",Er. Binod Prakash Pandit,50126110,info.erconsult@gmail.com,www.erconsult.com.np
Development Support Consult (P) Ltd,"Sinamangal 9, Nepal",Dr. Er. Bhesh Raj Thapa,4780253,devsconsult@gmail.com,N/A
D.B. Multi Engineering Consultant (P) Ltd.,"Mahadevsthan marg 10, Baneshwor, Nepal",Er. Deependra Prasad Bhatta,4104361,multidb5@gmail.com,www.dbmulti.com
Global Nepal Engineering Design Consultant (P) Ltd.,"Kalanki, Kathmandu, Nepal",Er. Aashish Khadka,9851037453,"gnedc2017@gmail.com, global.nepalengineering@gmail.com",N/A
ARTISTA Engineering Consultancy (P) Ltd.,"Dhumbarahi-4, Kathmandu, Nepal",Er. Dinesh Raj Bhattrai,01-4410863,artistaengineering@gmail.com,www.artistaengineering.com.np
Picasso Consultant (P) Ltd.,"Pulchowk, Lalitpur, Nepal",Ar. Poonam Bajracharya,5522185,picassoconsultant@gmail.com,www.picasso.com.np
Urban Planning & Design Consultants Nepal (P) Ltd. (UPDCN),"Sanepa, Lalitpur-2, Nepal",Ar. Manish Raj Joshi,01-526646,"info@updcn.com.np, updcnepal@gmail.com",N/A
Nepal Architects Consult (P) Ltd.,"Budibazar, Kaski, Pokhara, Ward no. 26",Ar. Sophiya Gurung,01- 5426646,neparchi015@gmail.com,www.nepalarchitectsconsult.com.np
Soil Water and Air Testing Laboratories (P) Ltd. (SWAT Lab),"Babarmahal, Kathmandu, Nepal",Er. Lokesh Sapkota,01-5349480,swatlab2017@gmail.com,www.swat.com.np
Pyramid Design Associates (P) Ltd.,"Shankadhar Chowk , Madhayapur Thimi, Nepal",Er. Satya Sundar Shrestha,4239772,pyramid.design.associates@gmail.com,www.facebook.com/pyramid.DA
De-Fort (P) Ltd.,"Jawalakhel, Lalitpur Sub-Metropolitan City-03, Nepal",Er. Kichah Chitrakar,01-5544086,de-fort@de-fortnp.com,www.de-fortnp.com/
E. I. Maven (P) Ltd.,"Buddhanagar, New Baneshwor, Kathmandu, Nepal",Er. Sunil Ghaju,01-5906381,"info@eimaven.com.np, bandana.shrestha@eimaven.com.np, ac.eimaven@gmail.com",www.eimaven.com.np
Engineers World (P) Ltd.,"Chandragiri Municipality-10, Satungal, Kathmandu",Er. Padam Oli,01-5913560,erworld70@gmail.com,www.facebook.com/engineersworld
Udaya Consultancy (P) Ltd.,"Puja Pratisthan Marg, Mid Baneshwar, Kathmandu, Nepal",Er. Rakesh Regmi,01-4489393,udayaconsultingpvt@gmail.com,N/A
Planet Test (P) Ltd.,"Shantinagar, KMC-13",Gyan Raj Man Shrestha,"9851187070, +977-01-4107665",planettest2074@gmail.com,www.planettest.com.np
Quest Engineering (P) Ltd.,"Balkhu, Kathmandu, Nepal",Er. Jonesh Joshi,9849404718,questengineering074@gmail.com,N/A
Expert Professionals (P) Ltd.,"35 Narefata, Kathmandu, Nepal",Er. Tek Bahadur Karki,5100349,expertprofessionals2016@gmail.com,N/A
Engineers’ & Trainers’ Associates (ETA Consult (P) Ltd.),"Baluwatar, Kathmandu, Nepal",Er. Prakash Koirala,4445565,etadd@mos.com.np,www.etaconsult.org
Bright Future International (P) Ltd. (BFI),"KMC-10, Mid-Baneshwor, Kathmandu, NepalGPO Box: 6823",Mrs. Shova Kumari Poudel,01-5172078,bf.international2012@gmail.com,www.bfinepal.com
Y.G.F. Consultant (P) Ltd.,"Kirtipur, Kathmandu, Nepal",Er. Ravi Kumar Gupta,9851221987,ygfconsultant@gmail.com,N/A
Finer Engineering Consultancy (P) Ltd,"Dhumbarahi-4, Kathmandu, Nepal",Er. Aadrata Regmi,01-4410863,finer.engineering@yahoo.com,N/A
Green Thumbs Consultants (P) Ltd. (GTC),"Sainbu-18, Lalitpur",Er. Amit Kumar Jha,01-5532456,greenthumbs2071@gmail.com,N/A
Mate Engineering Solution (P) Ltd.,"Kupondole, Lalitpur-10, Nepal",Er. Sudhir Kumar Mishra,"9801053527, 9851210238",sdhrmishra14@gmail.com,N/A
RITI Consultancy (P) Ltd.,"Lalitpur-03, Dhobighat, Lalitpur, Nepal",Mr. Padam Bahadur Tamang,01-5541840,riticonsultant@gmail.com,N/A
RAYS Consult (P) Ltd.,"Kupondole-1, Lalitpur, Nepal",Er. Prabin Singh Bhandari,9851151014,raysconsult12@gmail.com,N/A
Ink Consult (P) Ltd.,"Chakupat, Lalitpur, Nepal",Er. Hari Prasad Paudel,01 – 5260138,inkconsultnepal@gmail.com,www.inkconsult.com.np
Civil Tech (P) Ltd.,"Subidhanagar, Tinkune, Kathmandu, Nepal",Er. Raj Narayan Yadav,01-4111580,civiltechconsultancy@gmail.com,www.civiltech.com.np
Interface Engineering (P) Ltd,"Naxal-1, Kathmandu, Nepal",Er. Birat Bikram Sapkota,01-4544164,info.interfaceeng@gmail.com,N/A
Impulse Consultants (P) Ltd.,"Lazimpat-02, Kathmandu, Nepal",Er. Bhabuk Raj Aryal,01-4038617,"consultants.impulse@gmail.com, impulse@impulseconsultants.com.np",www.impulseconsultants.com.np
Smart Engineering & Design Solution (P) Ltd.,"Gothatar, Kathmandu, Nepal",Er. Jyoti Mani Bhattarai,9851162172,smart.seds.2071@gmail.com,www.seds.com.np
Benchmark Consultants and Lab (P) Ltd.,"Kaushaltar, Bhaktapur, Nepal",Er. Nabin Thakur,01-6634968,mailtobmcl@gmail.com,www.facebook.com/benchmarkconsultants2010
Strength Engineering Company (P) Ltd.,"Kupondole, Lalitpur",Er. Bharat Chalise,01-4783183,consult.strength@gmail.com,N/A
Everest Designers’ League (P) Ltd.,"Asram Marga, Balkhu, Kathmandu",Er. Narottam Shrestha,01-5187338,everestleague@gmail.com,N/A
DesignRipple Structures & Engineering (P) Ltd.,"Krishnadhara Marg, Panipokhari, Maharajgunj- 3, Nepal",Er. Kiran Acharya,9863048686,info@designrippleengr.com,www.designrippleengr.com
Cube Info Company (P) Ltd.,"Bishalnagar, Kathmandu, Nepal",Er. Shushant Koirala,4423194,info@cubeinfo.com.np,N/A
Viswa Consult (P) Ltd.,"Dillibazar, Kathmandu, Nepal",Dr. Er. Biswa Ranjan Singh Shahi,01-4533156,"viswaconsultlab@gmail.com, viswaconsultpvtltd@gmail.com, info@viswaconsult.com",www.viswaconsult.com
Civil Link Engineering Consultant,"Kathmandu-32, Koteshwor",Er. Bharat Prasad Banjara,01-5915628,civillinkengineering@gmail.com,www.clec.com.np
N.S. Engineering & Geo-technical Services (P) Ltd.,"Dhobighat, Lalitpur, Nepal",Er. Ananda Gupta,5268121,nsgeotech@gmail.com,www.nsengineering.com.np
Dynamic Resources Management Services (P) Ltd. (DRMS),"Puja Pratisthan Marga, Baneshwor, Kathmandu",Er. Sandeep Shrestha,"01-4780460, 9801848899",Consultdrms@gmail.com,www.drms.com.np
Development Oriented Consultant (P) Ltd.,"Subidhanagar-32, Kathmandu, Nepal",Er. Saroj Kumar Vaidya,9841255963,doconsultant2073@gmail.com,N/A
Green Design Solution P. Ltd.,"New Baneshwor-10, Kathmandu, Nepal",Ar. Nabin Ghising,9851128217,gdesignsolution13@gmail.com,www.facebook.com/gdsarchitects
Epicenter Engineering Solution (P) Ltd.,"Jwagal-10, Lalitpur, Nepal",Er. Suman Thapa,01-5268485,info@eesnepal.com,www.eesnepal.com
Professional Network for Engineering Services (P) Ltd.,"Jwagal-10, Lalitpur, Nepal",Er. Arjun Marasini,01-5524889,pnetpvt.ltd@gmail.com,N/A
Research & Design Lab (P) Ltd.,"Sahayoginagar, Kathmandu, Nepal",Er. Dinesh Neupane,01-4794041,nepal.designlab@gmail.com,N/A
Naksa Design & Consult (P) Ltd. (NDC),"Koteshwor-32, Kathmandu, Nepal",Ar. Prakash Poudel,"01-4600069, 9756700096",nakshadesignconsultancy@gmail.com,N/A
Creed Structural Design (P) Ltd.,"Jwagal-10, Lalitpur, Nepal",Er. Birat Dev Bhatta,"9841847592, 9851181894, 9861444777",creedstructural@gmail.com,N/A
Galaxy Engineering Trade Link (P) Ltd.,Changunarayan bhaktapur & UN Park Pulchowk,Er. Chhabi Lal Adhikari,"9851194560, 9801989612",galaxyen2014@gmail.com,N/A
Ripple Training & Consulting Services (P) Ltd.,"Tokha-6, Kathmandu, Nepal",Ar. Sugandha Subedi,9851223133,ripple2074@gmail.com,"www.ripple.com.np, www.facebook.com/ripplecompany"
NKA Engineering Consultant (P) Ltd.,"Tarkeshwor-04, Kathmandu, Nepal",Er. Dipak Bahadur Budha,01-4950156,nkaengineering.consult@gmail.com,www.nka.com.np
Prajoo Engineering Consultancy,"Pokhara – 03, Kaski, Nepal",Er. Rajendra Prajoo,061 587351 / 061 583370 / 061 576193,prajoo.consultant@gmail.com,N/A
Grace Engineering (P) Ltd.,"Pokhara-08, Kaski, Nepal",Er. Bimal Bhandari,061-527650,graceepltd@gmail.com,"www.graceengineering.org, www.facebook.com/bimletar/"
Spiral Engineering & Educational Consultancy (P) Ltd.,"Chipledhunga, Pokhara-08, Kaski Branch Office: Nayabazar, 16 Khutaya, Kathmandu",Er. Upendra Luitel,061-536471,seecpkr@gmail.com,www.seecpkr.com
Traffic & Transport Unlimited Solution,"Pulchowk, Lalitpur, Nepal",Er. Subhash Dhungel,01-5269015,tatus.nepal@gmail.com,www.tatus.org.np
R & R Engineering Consultancy (P) Ltd.,"Katunje-1, Bhaktapur (Contact: Babarmahal, Kathmandu)",Dr. Er. Rekha Shrestha,"01-5330930, 6617066",info@rnrengineering.com.np,
Kiru Engineering Consultant (P) Ltd.,"Shantinagar-31, Kathmandu, Nepal",Er. Harish Kumar Singh,01-4622006,kiruengineeringconsultant@gmail.com,kiruengineeringconsultantpvtltd.business.site/
Digi-Nirman Engineering (P) Ltd.,"Biratnagar – 13, Ranipath, Koshi Project Area",Er. Bibek Singh,9852031342,"diginirmaan@gmail.com, bibeksingh@diginirmaan.com.np",www.diginirmaan.com.np
Rector Engineering Concern (P) Ltd.,Godavari-2 Kailali,Er. Surendra Kumar Thapa,9810735884/ 9849328874,rectorengineering166@gmail.com,
Niyatra Consult (P) Ltd.,"Krishnagalli, Lalitpur",Er. Umesh Dhital,9851056075,niyatraconsult@gmail.com,
Retro Engineering Consult (P) Ltd.,"Chapali-4, Budanilkantha, Kathmandu",Er. Dipendra Aryal,01-5245112,retro3consult@gmail.com,
Hydro Tunnelling and Research (P) Ltd.,"Kalikasthan, Kathmandu",Er. Prem Krishna KC,01-4430066,mail@htr.com.np,www.htr.com.np/
Future Creation Consultant (P) Ltd.,"Dhangadhi-4, Kailali",Er. Yagya Raj Bhatta,091-590101,fccn.kli@gmail.com,
Masta Engineering Consultancy (P) Ltd.,"Salyanthan, Kirtipur, Nepal",Er. Lokendra Joshi,01-5908039,mastaengineering2019@gmail.com,
Crystal Engineering and Management Consultant Pvt. Ltd. (CEMC),"Vishwa-18, Birgunj",Er. Ajeet Kumar Karna,01-5242246,info@cemc.com.np,
B.M.S. Nepal Pvt. Ltd.,"Mahadevsthan, Kathmandu-32, Nepal",Er. Roshan Bhattrai,9851100632,"bmsnepal2021@gmail.com, info.bmsnepal@gmail.com",
Spiral Grid Solutions (P) Ltd.,"Bhimsengola, Kathmandu",Er. Prajwol Karki,"9851091247, 9801043454",info@spiralgridsoln.com,www.spiralgridsoln.com
Green Nepal Engineering Service (P) Ltd.,"Suryabinayak-6, Bhaktapur, Nepal",Er. Bikash Dhonju,9841336715,vcas_01@hotmail.com,
Universal Engineering & Management Consult (P) Ltd.,"Ktm-32, Jadibuti",Er. Tarun Ranjan Dutta,"9851210558, 9851244924, 9851131645",universal.consult.123@gmail.com,
Samsiddhi Engineering (P) Ltd.,"Pinglasthan, KMC-9, Nepal",Er. Nidar Shrestha,9703093529,engineering.samsiddhi@gmail.com,
Platform Engineering Construction and Consultancy (P) Ltd.,"New Baneshwor, Kathmandu, Nepal",Er. Parbat Bhandari,9843707127,platformgroup5@gmail.com,
Eco Smart Engineering (P) Ltd.,"Jwagal-10, Kupondole, Lalitpur",Er. Prakash Adhikaree,9851130538,ecosmart071@gmail.com,
Scholars Consult (P) Ltd.,"Tokha-7, Kathmandu, Nepal",Er. Netra Lal Sapkota,"01-4792205, 9851175512",scholars.consult100@gmail.com,
Maharudra Group (P) Ltd.,"Bakhundole, Lalitpur-3",Er. Saroj Dhital,9849084018,maharudragroupsh@gmail.com,
Engineering and Educational Services (P) Ltd.,"UN park, Lalitpur",Er. Sandip Adhikari,9851138581,e2services.nepal@gmail.com,
G.S.T. Engineering (P) Ltd.,"Hattigauda 07, Budhanilkantha, Kathmandu",Er. Giresh Chand,9858030699,chand.giresh1970@yahoo.com,
Structure Design & Services (P) Ltd.,"KMC-4, Baluwatar, Kathmandu",Er. Santos Pudasaini,01-4548555,structurenepal@gmail.com,
A.H. Engineering Services (P) Ltd. (AHES),"Maitidevi, Kathmandu",Er. Hari Kishor Prasad Gupta,01-4117971,aahes10@gmail.com,
Realpath Engineering Consultancy (P) Ltd.,"Mahalaxmi -1, Imadol, Lalitpur, Nepal",Er. Guru Dutta Adhikari,01-5203442,realpatheng@gmail.com,
Arch Aid Planners and Developers (P) Ltd.,"Samakhusi, Kathmandu",Ar. Mahendra Raj Khatri,01-4954993,archaidpnd@gmail.com,
Clay Engineering Consultancy (P) Ltd.,"Manamaiju-7, Tarkeshwor, Kathmandu",Er. Udaya Raj Neupane,9841871994,clayengg12@gmail.com,www.clay.com.np
Forefront Engineering (P) Ltd.,"Fulbari Marg, Koteshwor, Kathmandu",Er. Mahesh Karki,9803404703,hello@forefronteng.com,
Utkarsh Engineering (P) Ltd.,"Vishnu Ga. Pa, Sarlahi",Er. Dinesh Kumar Singh,9852624540,utkarshengineering511@gmail.com,
S.W. Nepal (P) Ltd.,"Maharajgunj, Kathmandu, Nepal",Er. Shuva Sharma,01-4511156,info@swnepal.com.np,www.swnepal.com.np/
Prism Engineering Consultancy,"Pokhara-27, Kaski",Er. Ganesh Kandel,06-1564956,prism071@gmail.com,
Aksha Engineering Solution (P) Ltd.,"Samakhusi, Kathmandu",Er. Manash Gadtaula,9851134803,info.aksha078@gmail.com,
ARC Consult,"Pokhara-4, Gairapatan",Er. Suresh Prasad Shrestha,061-576789,consultarc2@gmail.com,
Setosewa Engineering (P) Ltd.,"Sankhamul-11, Lalitpur",Er. Gopal Giri,9851317099,info@setosewa.com.np,www.setosewa.com.np
New Star Engineering Consultancy,"Pokhara-08, Kaski, Nepal",Er. Anand P Sapkota,06-1574760,sapkotaanand@gmail.com,
Shubham Engineering Consultancy,"Pokhara-08, Kaski, Nepal",Er. Sujit Kumar Bijukchhe,061-524479,shubhampkr061@gmail.com,
Smart Structural and Engineering Consultancy,"Pokhara-04, RamKrishna Tole, Gopalji Magra, Kaski",Er. Birendra Kumar Ligal,9803002145,bnbligal@gmail.com,
Line Work Architects (P) Ltd.,"Nayabazar, Kathmandu, Nepal",Ar. Sabin Maharjan,9851172838,lineworkarchitects@gmail.com,www.lineworkarchitects.com
Habile Engineering Consultancy (P) Ltd.,"Ward No. 4, Bagdole, Lalitpur",Er. Dilip Shreesh,"01-5190438, 01-5190517","engghabile@gmail.com, habileengg@gmail.com",
ENSAFE Consultancy (P) Ltd.,"K.M.C. Ward No. 14, Sunargaun, Kuleshwor",Er. Basu Dev Pokhrel,9841254853,bdpokhrel@gmail.com,
Nayak & Brothers Engineering Consultancy (P) Ltd.,"Jwagal, Lalitpur, Nepal",Er. Rohit Kumar Nayak,9849447637,nayak7brothers@gmail.com,
Morphogenesis Consultant (P) Ltd.,"Kirtipur, Kathmandu, Nepal",Er. Amir Maharjan,9841889655,"morphogenesis.pvt.ltd@gmail.com, mgworkingprojects@gmail.com",
House of Engineering Analysis and Design Consultancy (P) Ltd.,"Ward-06, Sankhadevi Municipality, Mahalaxmi, Lalitpur",Er. Nabin Acharya,9851133543,headconsultancynep@gmail.com,
